run_id,case,subj_template,subj_query,embed_ms,ipfs_cat_ms,he_eval_ms,decrypt_ms,end_to_end_ms,score,decision,tau
20260212T144942,genuine,0,0,147.632,4.943,23.328,1.229,29.556,0.59681,accept,0.3
20260212T144942,impostor,24,0,147.632,3.433,20.562,1.008,25.591,0.0630157,reject,0.3
20260212T144942,genuine,0,0,193.516,4.424,24.086,0.997,29.556,0.729598,accept,0.3
20260212T144942,impostor,26,0,193.516,3.375,22.792,1.409,27.641,0.0120374,reject,0.3
20260212T144942,genuine,0,0,211.845,3.526,20.463,0.949,24.983,0.457986,accept,0.3
20260212T144942,impostor,2,0,211.845,3.479,25.476,1.196,30.200,0.127383,reject,0.3
20260212T144942,genuine,0,0,194.247,4.631,22.776,0.954,28.409,0.482599,accept,0.3
20260212T144942,impostor,16,0,194.247,3.427,20.864,0.975,25.312,0.0496792,reject,0.3
20260212T144942,genuine,0,0,158.576,4.383,21.591,1.035,27.061,0.535048,accept,0.3
20260212T144942,impostor,32,0,158.576,3.381,22.836,1.165,27.436,0.174316,reject,0.3
20260212T144942,genuine,0,0,189.921,3.685,20.263,0.985,24.982,0.592746,accept,0.3
20260212T144942,impostor,31,0,189.921,3.441,20.457,0.968,24.919,0.13487,reject,0.3
20260212T144942,genuine,0,0,158.960,3.424,23.309,1.152,27.939,0.705484,accept,0.3
20260212T144942,impostor,25,0,158.960,3.867,20.738,1.055,25.718,-0.0307188,reject,0.3
20260212T144942,genuine,0,0,180.389,3.762,23.732,1.088,28.628,0.369998,accept,0.3
20260212T144942,impostor,19,0,180.389,3.386,24.711,1.278,29.426,0.0840173,reject,0.3
20260212T144942,genuine,0,0,175.777,3.571,28.537,1.570,33.738,0.358236,accept,0.3
20260212T144942,impostor,30,0,175.777,4.527,22.963,0.987,28.530,0.208447,reject,0.3
20260212T144942,genuine,1,1,199.353,4.741,35.264,1.247,41.294,0.740594,accept,0.3
20260212T144942,impostor,22,1,199.353,3.574,24.532,1.181,29.328,0.336551,accept,0.3
20260212T144942,genuine,1,1,204.802,4.183,25.671,1.362,31.256,0.682755,accept,0.3
20260212T144942,impostor,37,1,204.802,4.678,26.711,1.247,32.677,0.130533,reject,0.3
20260212T144942,genuine,1,1,192.512,4.091,25.126,1.177,30.432,0.85612,accept,0.3
20260212T144942,impostor,13,1,192.512,3.490,24.058,1.106,28.692,0.190485,reject,0.3
20260212T144942,genuine,1,1,178.507,4.056,24.445,1.207,29.749,0.590116,accept,0.3
20260212T144942,impostor,32,1,178.507,3.484,35.424,2.425,41.389,0.0412243,reject,0.3
20260212T144942,genuine,1,1,186.087,3.669,24.587,1.100,29.395,0.757608,accept,0.3
20260212T144942,impostor,8,1,186.087,3.595,26.774,1.112,31.530,0.149899,reject,0.3
20260212T144942,genuine,1,1,153.650,4.249,27.844,1.122,33.255,0.829961,accept,0.3
20260212T144942,impostor,18,1,153.650,3.911,25.990,1.232,31.174,0.51025,accept,0.3
20260212T144942,genuine,1,1,184.483,4.164,26.022,1.163,31.387,0.822487,accept,0.3
20260212T144942,impostor,8,1,184.483,3.698,24.192,1.107,29.044,0.14899,reject,0.3
20260212T144942,genuine,1,1,172.403,3.490,20.042,0.959,24.542,0.661629,accept,0.3
20260212T144942,impostor,6,1,172.403,3.213,20.105,0.996,24.367,0.260047,reject,0.3
20260212T144942,genuine,1,1,148.166,3.390,20.315,0.980,24.733,0.82155,accept,0.3
20260212T144942,impostor,39,1,148.166,3.235,19.996,0.998,24.281,0.098549,reject,0.3
20260212T144942,genuine,2,2,174.630,4.185,19.921,0.985,25.140,0.852803,accept,0.3
20260212T144942,impostor,16,2,174.630,3.402,20.919,1.135,25.508,0.136907,reject,0.3
20260212T144942,genuine,2,2,148.836,4.979,31.912,1.912,38.870,0.808894,accept,0.3
20260212T144942,impostor,34,2,148.836,5.933,28.716,0.975,35.686,0.161781,reject,0.3
20260212T144942,genuine,2,2,168.724,4.319,22.423,0.961,27.751,0.729391,accept,0.3
20260212T144942,impostor,38,2,168.724,3.395,21.261,0.974,25.683,0.0634968,reject,0.3
20260212T144942,genuine,2,2,172.981,5.614,24.327,1.045,31.039,0.7545,accept,0.3
20260212T144942,impostor,9,2,172.981,3.765,21.791,1.454,27.067,0.0733963,reject,0.3
20260212T144942,genuine,2,2,208.211,5.289,29.653,1.323,36.323,0.347393,accept,0.3
20260212T144942,impostor,19,2,208.211,3.646,21.771,0.999,26.467,0.157314,reject,0.3
20260212T144942,genuine,2,2,176.692,3.484,20.392,0.963,24.889,0.757184,accept,0.3
20260212T144942,impostor,6,2,176.692,3.796,24.231,1.293,29.374,0.216347,reject,0.3
20260212T144942,genuine,2,2,195.627,4.452,35.663,1.587,41.762,0.733267,accept,0.3
20260212T144942,impostor,4,2,195.627,4.382,26.366,0.975,31.776,0.263957,reject,0.3
20260212T144942,genuine,2,2,165.932,4.127,20.263,0.996,25.438,0.667469,accept,0.3
20260212T144942,impostor,21,2,165.932,3.550,20.664,1.196,25.471,0.120891,reject,0.3
20260212T144942,genuine,2,2,171.851,3.781,23.008,1.077,27.922,0.62436,accept,0.3
20260212T144942,impostor,30,2,171.851,17.346,19.827,0.944,38.166,0.0326349,reject,0.3
20260212T144942,genuine,3,3,153.678,4.136,20.427,0.966,25.580,0.841371,accept,0.3
20260212T144942,impostor,35,3,153.678,3.374,21.872,1.011,26.313,0.211575,reject,0.3
20260212T144942,genuine,3,3,242.941,3.932,21.264,1.058,26.307,0.851054,accept,0.3
20260212T144942,impostor,6,3,242.941,3.515,21.267,0.979,25.811,0.111589,reject,0.3
20260212T144942,genuine,3,3,224.136,5.135,22.255,0.986,28.436,0.784578,accept,0.3
20260212T144942,impostor,22,3,224.136,4.178,25.318,1.162,30.765,0.535412,accept,0.3
20260212T144942,genuine,3,3,221.339,4.105,22.944,1.006,28.110,0.742716,accept,0.3
20260212T144942,impostor,27,3,221.339,3.549,20.659,0.985,25.248,0.178423,reject,0.3
20260212T144942,genuine,3,3,180.623,4.231,27.155,1.588,33.039,0.72769,accept,0.3
20260212T144942,impostor,20,3,180.623,4.700,24.661,1.190,30.606,0.379705,accept,0.3
20260212T144942,genuine,3,3,233.862,5.531,37.018,1.547,44.166,0.732566,accept,0.3
20260212T144942,impostor,39,3,233.862,6.005,38.773,1.572,46.415,0.128181,reject,0.3
20260212T144942,genuine,3,3,210.622,5.229,39.787,1.498,46.587,0.908968,accept,0.3
20260212T144942,impostor,13,3,210.622,5.242,20.307,1.020,26.623,0.0047311,reject,0.3
20260212T144942,genuine,3,3,185.278,4.250,21.486,0.979,26.766,0.814675,accept,0.3
20260212T144942,impostor,35,3,185.278,4.383,21.267,1.482,27.186,0.283236,reject,0.3
20260212T144942,genuine,3,3,165.036,4.397,35.089,1.193,40.733,0.685712,accept,0.3
20260212T144942,impostor,30,3,165.036,5.002,23.152,1.251,29.463,0.229603,reject,0.3
20260212T144942,genuine,4,4,206.655,4.606,27.422,1.026,33.112,0.790191,accept,0.3
20260212T144942,impostor,28,4,206.655,4.131,25.641,1.536,31.377,0.0976089,reject,0.3
20260212T144942,genuine,4,4,192.554,4.559,24.617,1.024,30.259,0.730848,accept,0.3
20260212T144942,impostor,33,4,192.554,4.058,21.640,0.984,26.737,0.0324276,reject,0.3
20260212T144942,genuine,4,4,214.759,3.890,21.379,0.978,26.300,0.907055,accept,0.3
20260212T144942,impostor,16,4,214.759,3.353,23.061,0.981,27.448,0.0863745,reject,0.3
20260212T144942,genuine,4,4,180.968,3.598,20.271,1.052,24.977,0.786723,accept,0.3
20260212T144942,impostor,3,4,180.968,3.405,20.434,1.017,24.913,0.181174,reject,0.3
20260212T144942,genuine,4,4,173.418,3.581,21.315,1.012,25.964,0.858506,accept,0.3
20260212T144942,impostor,35,4,173.418,3.457,21.792,0.966,26.258,0.224404,reject,0.3
20260212T144942,genuine,4,4,195.722,4.160,21.455,1.020,26.686,0.730116,accept,0.3
20260212T144942,impostor,0,4,195.722,3.561,21.105,1.071,25.785,0.0510098,reject,0.3
20260212T144942,genuine,4,4,187.304,4.373,22.024,1.009,27.465,0.742524,accept,0.3
20260212T144942,impostor,5,4,187.304,3.906,21.710,1.394,27.069,0.27615,reject,0.3
20260212T144942,genuine,4,4,188.480,3.767,24.945,1.743,30.541,0.668931,accept,0.3
20260212T144942,impostor,25,4,188.480,4.438,20.998,0.959,26.443,0.128165,reject,0.3
20260212T144942,genuine,4,4,191.823,4.933,23.665,1.014,29.665,0.752743,accept,0.3
20260212T144942,impostor,0,4,191.823,3.665,21.084,0.994,25.797,0.0707222,reject,0.3
20260212T144942,genuine,5,5,174.470,3.636,21.571,0.976,26.235,0.767618,accept,0.3
20260212T144942,impostor,39,5,174.470,3.606,27.153,1.074,31.887,0.193663,reject,0.3
20260212T144942,genuine,5,5,170.894,3.447,22.160,1.702,27.369,0.872489,accept,0.3
20260212T144942,impostor,31,5,170.894,4.476,23.727,0.966,29.219,0.130533,reject,0.3
20260212T144942,genuine,5,5,150.538,4.105,21.030,0.959,26.144,0.739526,accept,0.3
20260212T144942,impostor,21,5,150.538,3.920,21.033,0.935,25.934,0.0826088,reject,0.3
20260212T144942,genuine,5,5,190.659,3.980,20.995,0.962,25.987,0.66474,accept,0.3
20260212T144942,impostor,15,5,190.659,3.267,20.421,0.999,24.749,0.215285,reject,0.3
20260212T144942,genuine,5,5,189.139,3.530,21.810,0.964,26.351,0.681369,accept,0.3
20260212T144942,impostor,20,5,189.139,4.442,22.255,1.424,28.186,0.262718,reject,0.3
20260212T144942,genuine,5,5,180.851,4.184,26.447,1.218,31.936,0.651915,accept,0.3
20260212T144942,impostor,4,5,180.851,4.576,20.827,1.264,26.716,0.24277,reject,0.3
20260212T144942,genuine,5,5,169.228,3.460,21.069,1.316,25.879,0.728193,accept,0.3
20260212T144942,impostor,12,5,169.228,3.653,21.001,1.017,25.720,0.137614,reject,0.3
20260212T144942,genuine,5,5,165.328,3.861,21.988,1.425,27.328,0.636717,accept,0.3
20260212T144942,impostor,36,5,165.328,3.673,20.971,1.006,25.702,0.0828213,reject,0.3
20260212T144942,genuine,5,5,195.653,4.090,23.549,0.968,28.659,0.709028,accept,0.3
20260212T144942,impostor,14,5,195.653,3.301,20.420,0.999,24.771,0.0716864,reject,0.3
20260212T144942,genuine,6,6,167.229,3.478,22.163,0.979,26.674,0.584466,accept,0.3
20260212T144942,impostor,15,6,167.229,3.222,19.655,0.932,23.856,0.280619,reject,0.3
20260212T144942,genuine,6,6,200.052,3.324,21.749,0.992,26.111,0.634237,accept,0.3
20260212T144942,impostor,9,6,200.052,4.457,20.548,0.942,25.992,0.0398611,reject,0.3
20260212T144942,genuine,6,6,176.399,3.430,22.892,1.005,27.378,0.830611,accept,0.3
20260212T144942,impostor,34,6,176.399,3.288,24.355,1.373,29.075,0.243042,reject,0.3
20260212T144942,genuine,6,6,174.293,4.124,20.402,0.969,25.543,0.800642,accept,0.3
20260212T144942,impostor,28,6,174.293,3.603,21.805,1.191,26.650,0.0584979,reject,0.3
20260212T144942,genuine,6,6,186.144,4.698,20.459,0.985,26.187,0.466537,accept,0.3
20260212T144942,impostor,5,6,186.144,4.094,25.510,1.025,30.683,0.206685,reject,0.3
20260212T144942,genuine,6,6,231.169,3.457,20.240,1.009,24.753,0.667891,accept,0.3
20260212T144942,impostor,5,6,231.169,3.871,21.609,0.955,26.485,0.283308,reject,0.3
20260212T144942,genuine,6,6,197.747,4.697,28.640,1.594,35.004,0.605798,accept,0.3
20260212T144942,impostor,20,6,197.747,3.514,21.632,0.979,26.179,0.148577,reject,0.3
20260212T144942,genuine,6,6,179.263,5.146,22.920,1.019,29.141,0.584188,accept,0.3
20260212T144942,impostor,32,6,179.263,3.468,20.791,1.034,25.359,0.0923828,reject,0.3
20260212T144942,genuine,6,6,147.827,3.899,20.844,0.947,25.739,0.712907,accept,0.3
20260212T144942,impostor,31,6,147.827,3.631,21.629,0.975,26.283,0.18407,reject,0.3
20260212T144942,genuine,7,7,160.213,3.381,20.390,0.964,24.786,0.690457,accept,0.3
20260212T144942,impostor,6,7,160.213,3.959,21.913,0.966,26.889,0.219993,reject,0.3
20260212T144942,genuine,7,7,151.021,3.609,20.804,1.053,25.523,0.442662,accept,0.3
20260212T144942,impostor,19,7,151.021,4.288,21.855,1.040,27.234,0.249124,reject,0.3
20260212T144942,genuine,7,7,186.977,3.743,20.843,1.007,25.641,0.727183,accept,0.3
20260212T144942,impostor,35,7,186.977,7.081,22.332,0.955,30.420,0.161021,reject,0.3
20260212T144942,genuine,7,7,182.569,4.180,20.616,0.967,25.816,0.516134,accept,0.3
20260212T144942,impostor,18,7,182.569,3.462,20.405,0.991,24.910,0.335405,accept,0.3
20260212T144942,genuine,7,7,141.404,3.390,20.790,1.107,25.338,0.664865,accept,0.3
20260212T144942,impostor,35,7,141.404,3.419,21.078,0.982,25.529,0.198292,reject,0.3
20260212T144942,genuine,7,7,184.145,4.003,27.007,0.999,32.063,0.526063,accept,0.3
20260212T144942,impostor,21,7,184.145,4.052,21.206,0.967,26.274,0.273235,reject,0.3
20260212T144942,genuine,7,7,166.809,3.455,26.138,0.994,30.640,0.446113,accept,0.3
20260212T144942,impostor,34,7,166.809,3.417,22.877,1.061,27.407,0.279596,reject,0.3
20260212T144942,genuine,7,7,191.505,3.427,20.936,0.935,25.345,0.650788,accept,0.3
20260212T144942,impostor,13,7,191.505,3.397,20.411,0.923,24.779,0.0961921,reject,0.3
20260212T144942,genuine,7,7,187.058,3.926,26.095,1.884,31.986,0.626341,accept,0.3
20260212T144942,impostor,38,7,187.058,5.243,21.796,0.999,28.090,0.0908332,reject,0.3
20260212T144942,genuine,8,8,207.195,4.440,20.597,0.931,26.013,0.732566,accept,0.3
20260212T144942,impostor,35,8,207.195,3.365,21.304,1.121,25.841,0.243277,reject,0.3
20260212T144942,genuine,8,8,194.296,4.100,22.184,1.032,27.371,0.923641,accept,0.3
20260212T144942,impostor,37,8,194.296,3.896,25.848,1.028,30.831,-0.0279993,reject,0.3
20260212T144942,genuine,8,8,185.925,3.991,21.659,0.982,26.693,0.846638,accept,0.3
20260212T144942,impostor,18,8,185.925,3.644,21.840,0.996,26.530,0.314908,accept,0.3
20260212T144942,genuine,8,8,188.303,3.718,21.076,1.151,25.994,0.860449,accept,0.3
20260212T144942,impostor,28,8,188.303,3.350,21.833,0.985,26.220,0.1248,reject,0.3
20260212T144942,genuine,8,8,168.011,3.607,20.425,0.923,25.009,0.79038,accept,0.3
20260212T144942,impostor,5,8,168.011,3.441,21.096,0.953,25.549,0.127173,reject,0.3
20260212T144942,genuine,8,8,163.319,4.134,21.262,1.015,26.475,0.719856,accept,0.3
20260212T144942,impostor,38,8,163.319,3.567,20.760,1.154,25.536,0.0085687,reject,0.3
20260212T144942,genuine,8,8,185.776,4.864,23.105,1.049,29.097,0.66743,accept,0.3
20260212T144942,impostor,24,8,185.776,4.278,23.244,0.978,28.554,0.0783429,reject,0.3
20260212T144942,genuine,8,8,186.410,3.628,21.366,1.046,26.094,0.815774,accept,0.3
20260212T144942,impostor,20,8,186.410,3.676,21.846,1.159,26.727,0.270756,reject,0.3
20260212T144942,genuine,8,8,183.298,4.983,22.389,0.959,28.374,0.694476,accept,0.3
20260212T144942,impostor,36,8,183.298,3.803,20.662,0.950,25.460,0.16451,reject,0.3
20260212T144942,genuine,9,9,199.543,4.269,31.667,1.222,37.198,0.893516,accept,0.3
20260212T144942,impostor,15,9,199.543,3.309,23.917,1.150,28.414,0.07173,reject,0.3
20260212T144942,genuine,9,9,176.555,4.697,26.039,1.188,31.961,0.801112,accept,0.3
20260212T144942,impostor,18,9,176.555,4.192,32.445,1.359,38.048,0.145693,reject,0.3
20260212T144942,genuine,9,9,191.649,3.216,23.303,1.153,27.725,0.73381,accept,0.3
20260212T144942,impostor,11,9,191.649,16.834,21.704,1.017,39.611,0.0568257,reject,0.3
20260212T144942,genuine,9,9,171.638,4.264,23.212,0.946,28.475,0.633364,accept,0.3
20260212T144942,impostor,12,9,171.638,3.494,24.962,1.048,29.556,0.0365904,reject,0.3
20260212T144942,genuine,9,9,180.879,3.436,23.398,1.090,27.959,0.64566,accept,0.3
20260212T144942,impostor,11,9,180.879,4.338,24.698,1.187,30.264,0.286489,reject,0.3
20260212T144942,genuine,9,9,161.233,3.570,25.239,1.179,30.027,0.761192,accept,0.3
20260212T144942,impostor,2,9,161.233,3.629,24.671,1.160,29.504,0.0324327,reject,0.3
20260212T144942,genuine,9,9,155.879,3.463,20.406,0.985,24.908,0.786884,accept,0.3
20260212T144942,impostor,39,9,155.879,3.400,20.535,0.964,24.954,0.271294,reject,0.3
20260212T144942,genuine,9,9,157.608,3.747,21.623,0.963,26.387,0.728562,accept,0.3
20260212T144942,impostor,16,9,157.608,3.297,22.933,0.971,27.262,0.0114015,reject,0.3
20260212T144942,genuine,9,9,234.215,4.422,25.828,1.039,31.351,0.499744,accept,0.3
20260212T144942,impostor,30,9,234.215,3.651,21.856,0.979,26.540,0.0458625,reject,0.3
20260212T144942,genuine,10,10,192.188,4.435,25.339,1.006,30.828,0.825475,accept,0.3
20260212T144942,impostor,4,10,192.188,4.265,21.574,0.983,26.872,0.0264385,reject,0.3
20260212T144942,genuine,10,10,178.831,3.468,20.072,0.972,24.560,0.851245,accept,0.3
20260212T144942,impostor,5,10,178.831,3.345,21.585,0.975,25.945,0.13699,reject,0.3
20260212T144942,genuine,10,10,192.425,3.700,23.067,0.967,27.788,0.828868,accept,0.3
20260212T144942,impostor,8,10,192.425,3.866,21.320,0.990,26.241,0.0266676,reject,0.3
20260212T144942,genuine,10,10,216.255,3.348,20.736,0.961,25.094,0.667589,accept,0.3
20260212T144942,impostor,9,10,216.255,3.344,22.843,1.003,27.244,0.156725,reject,0.3
20260212T144942,genuine,10,10,172.182,4.126,23.587,0.985,28.754,0.681809,accept,0.3
20260212T144942,impostor,2,10,172.182,3.137,19.853,0.960,24.002,0.133065,reject,0.3
20260212T144942,genuine,10,10,182.074,4.491,20.873,0.980,26.395,0.545921,accept,0.3
20260212T144942,impostor,5,10,182.074,3.719,21.085,1.049,25.906,0.0335872,reject,0.3
20260212T144942,genuine,10,10,197.932,3.548,22.731,0.982,27.315,0.500588,accept,0.3
20260212T144942,impostor,34,10,197.932,3.362,21.363,0.976,25.753,0.0534609,reject,0.3
20260212T144942,genuine,10,10,192.126,3.486,20.123,0.968,24.628,0.742858,accept,0.3
20260212T144942,impostor,25,10,192.126,3.174,19.829,0.960,24.007,0.200865,reject,0.3
20260212T144942,genuine,10,10,206.937,3.402,20.997,1.018,25.482,0.866913,accept,0.3
20260212T144942,impostor,33,10,206.937,3.241,20.379,1.047,24.719,0.250973,reject,0.3
20260212T144942,genuine,11,11,211.019,3.335,20.419,0.950,24.750,0.694304,accept,0.3
20260212T144942,impostor,17,11,211.019,3.522,20.236,0.961,24.767,0.091894,reject,0.3
20260212T144942,genuine,11,11,187.899,3.565,39.097,1.443,44.167,0.720853,accept,0.3
20260212T144942,impostor,33,11,187.899,4.175,26.983,1.231,32.431,0.0657845,reject,0.3
20260212T144942,genuine,11,11,184.933,6.794,31.118,1.598,39.595,0.681013,accept,0.3
20260212T144942,impostor,15,11,184.933,5.645,24.412,0.987,31.099,-0.0697958,reject,0.3
20260212T144942,genuine,11,11,157.631,4.136,21.026,1.020,26.235,0.786622,accept,0.3
20260212T144942,impostor,13,11,157.631,3.442,22.767,0.977,27.244,0.0252381,reject,0.3
20260212T144942,genuine,11,11,212.781,6.526,22.287,1.300,30.165,0.855489,accept,0.3
20260212T144942,impostor,37,11,212.781,3.418,20.549,0.970,24.991,0.0989736,reject,0.3
20260212T144942,genuine,11,11,179.625,4.452,23.994,0.972,29.468,0.76559,accept,0.3
20260212T144942,impostor,26,11,179.625,5.018,22.070,1.001,28.143,0.282671,reject,0.3
20260212T144942,genuine,11,11,196.412,4.408,23.864,1.285,29.611,0.874446,accept,0.3
20260212T144942,impostor,37,11,196.412,3.341,20.055,0.977,24.422,0.103913,reject,0.3
20260212T144942,genuine,11,11,161.048,4.298,23.513,1.130,28.978,0.863937,accept,0.3
20260212T144942,impostor,17,11,161.048,3.305,26.871,1.168,31.382,0.123627,reject,0.3
20260212T144942,genuine,11,11,158.080,3.532,23.917,1.112,28.598,0.728125,accept,0.3
20260212T144942,impostor,28,11,158.080,3.548,24.235,1.137,28.966,0.115277,reject,0.3
20260212T144942,genuine,12,12,188.193,4.360,24.942,1.150,30.494,0.877671,accept,0.3
20260212T144942,impostor,31,12,188.193,3.652,24.287,1.002,28.992,0.0101018,reject,0.3
20260212T144942,genuine,12,12,200.858,3.353,22.685,1.031,27.123,0.673061,accept,0.3
20260212T144942,impostor,22,12,200.858,3.383,20.432,1.081,24.958,0.22123,reject,0.3
20260212T144942,genuine,12,12,173.506,3.735,25.914,0.997,30.700,0.640712,accept,0.3
20260212T144942,impostor,5,12,173.506,3.713,22.182,1.028,26.977,0.0727477,reject,0.3
20260212T144942,genuine,12,12,176.855,3.667,20.104,0.966,24.789,0.791983,accept,0.3
20260212T144942,impostor,20,12,176.855,3.786,25.751,1.053,30.645,0.147972,reject,0.3
20260212T144942,genuine,12,12,189.045,3.290,20.449,0.976,24.764,0.709946,accept,0.3
20260212T144942,impostor,39,12,189.045,3.408,20.259,1.006,24.722,0.0953899,reject,0.3
20260212T144942,genuine,12,12,175.391,5.084,23.261,0.998,29.396,0.807108,accept,0.3
20260212T144942,impostor,7,12,175.391,5.004,21.019,0.983,27.058,0.0803843,reject,0.3
20260212T144942,genuine,12,12,175.043,3.480,21.709,0.998,26.241,0.774137,accept,0.3
20260212T144942,impostor,31,12,175.043,3.230,20.396,0.996,24.669,-0.00409667,reject,0.3
20260212T144942,genuine,12,12,182.556,3.859,20.795,0.991,25.698,0.590517,accept,0.3
20260212T144942,impostor,37,12,182.556,3.728,20.041,0.952,24.772,0.0400583,reject,0.3
20260212T144942,genuine,12,12,178.566,3.701,22.348,0.958,27.061,0.798293,accept,0.3
20260212T144942,impostor,21,12,178.566,4.205,20.289,0.951,25.497,0.136799,reject,0.3
20260212T144942,genuine,13,13,178.164,3.639,20.978,1.551,26.230,0.770942,accept,0.3
20260212T144942,impostor,12,13,178.164,4.317,20.588,0.948,25.902,0.164438,reject,0.3
20260212T144942,genuine,13,13,175.122,4.196,23.471,1.007,28.727,0.800178,accept,0.3
20260212T144942,impostor,15,13,175.122,4.120,27.373,1.028,32.573,0.290129,reject,0.3
20260212T144942,genuine,13,13,179.575,4.514,21.634,0.973,27.183,0.822857,accept,0.3
20260212T144942,impostor,1,13,179.575,3.889,21.648,0.972,26.561,0.169087,reject,0.3
20260212T144942,genuine,13,13,155.410,3.836,21.229,1.017,26.123,0.924201,accept,0.3
20260212T144942,impostor,17,13,155.410,3.548,20.342,1.024,24.959,0.109921,reject,0.3
20260212T144942,genuine,13,13,162.640,17.583,20.724,0.994,39.353,0.838767,accept,0.3
20260212T144942,impostor,7,13,162.640,3.371,20.355,0.973,24.752,0.0805241,reject,0.3
20260212T144942,genuine,13,13,178.852,4.814,32.606,1.536,39.025,0.844652,accept,0.3
20260212T144942,impostor,14,13,178.852,4.911,28.476,1.488,34.940,0.169316,reject,0.3
20260212T144942,genuine,13,13,188.414,3.650,21.134,1.017,25.856,0.754868,accept,0.3
20260212T144942,impostor,23,13,188.414,3.762,22.904,0.993,27.712,0.0787991,reject,0.3
20260212T144942,genuine,13,13,178.948,3.629,21.891,1.054,26.626,0.751417,accept,0.3
20260212T144942,impostor,10,13,178.948,3.504,20.969,1.076,25.602,0.132599,reject,0.3
20260212T144942,genuine,13,13,162.750,3.578,21.816,0.977,26.424,0.726614,accept,0.3
20260212T144942,impostor,21,13,162.750,3.559,21.258,1.117,25.986,0.0606819,reject,0.3
20260212T144942,genuine,14,14,162.477,3.671,26.076,1.756,31.540,0.466095,accept,0.3
20260212T144942,impostor,27,14,162.477,3.375,20.955,0.986,25.362,0.215225,reject,0.3
20260212T144942,genuine,14,14,163.334,5.325,24.810,1.010,31.198,0.847674,accept,0.3
20260212T144942,impostor,3,14,163.334,4.413,21.279,0.986,26.731,0.241798,reject,0.3
20260212T144942,genuine,14,14,203.931,3.638,20.890,0.932,25.507,0.733641,accept,0.3
20260212T144942,impostor,6,14,203.931,4.105,20.968,0.950,26.069,0.13085,reject,0.3
20260212T144942,genuine,14,14,167.062,3.579,21.466,0.969,26.064,0.561912,accept,0.3
20260212T144942,impostor,9,14,167.062,3.722,21.634,0.962,26.365,-0.0429189,reject,0.3
20260212T144942,genuine,14,14,171.551,3.838,20.262,0.987,25.134,0.829723,accept,0.3
20260212T144942,impostor,2,14,171.551,3.212,20.971,0.976,25.208,0.202825,reject,0.3
20260212T144942,genuine,14,14,170.628,3.627,20.184,1.024,24.883,0.568408,accept,0.3
20260212T144942,impostor,36,14,170.628,3.281,21.687,1.034,26.054,0.0466798,reject,0.3
20260212T144942,genuine,14,14,185.782,3.496,20.307,0.989,24.834,0.710439,accept,0.3
20260212T144942,impostor,34,14,185.782,3.299,21.583,1.046,25.982,0.0415343,reject,0.3
20260212T144942,genuine,14,14,185.965,3.689,21.109,1.001,25.848,0.553041,accept,0.3
20260212T144942,impostor,38,14,185.965,3.813,20.742,0.954,25.556,0.12615,reject,0.3
20260212T144942,genuine,14,14,210.823,3.733,25.334,1.703,30.821,0.393321,accept,0.3
20260212T144942,impostor,4,14,210.823,3.748,25.111,1.149,30.051,0.220594,reject,0.3
20260212T144942,genuine,15,15,187.789,3.506,26.344,1.089,30.992,0.601149,accept,0.3
20260212T144942,impostor,1,15,187.789,3.727,22.429,1.020,27.228,0.114769,reject,0.3
20260212T144942,genuine,15,15,209.248,3.477,24.834,0.994,29.358,0.557639,accept,0.3
20260212T144942,impostor,7,15,209.248,3.751,20.733,1.015,25.556,0.0858686,reject,0.3
20260212T144942,genuine,15,15,215.207,3.910,20.577,1.010,25.551,0.805159,accept,0.3
20260212T144942,impostor,12,15,215.207,3.519,20.416,0.963,24.952,-0.0721836,reject,0.3
20260212T144942,genuine,15,15,222.765,4.331,24.191,0.974,29.549,0.781178,accept,0.3
20260212T144942,impostor,38,15,222.765,3.695,21.424,1.407,26.580,-0.0291782,reject,0.3
20260212T144942,genuine,15,15,205.633,4.497,26.503,1.023,32.081,0.803831,accept,0.3
20260212T144942,impostor,36,15,205.633,3.401,21.025,0.972,25.450,-0.039885,reject,0.3
20260212T144942,genuine,15,15,223.227,4.867,24.674,0.990,30.573,0.569689,accept,0.3
20260212T144942,impostor,7,15,223.227,3.737,20.185,1.041,25.017,0.0533608,reject,0.3
20260212T144942,genuine,15,15,198.615,4.089,24.490,1.001,29.633,0.50058,accept,0.3
20260212T144942,impostor,25,15,198.615,3.330,20.622,0.960,24.962,0.000110132,reject,0.3
20260212T144942,genuine,15,15,199.055,4.363,35.920,1.617,41.972,0.610549,accept,0.3
20260212T144942,impostor,5,15,199.055,4.404,29.821,1.335,35.615,0.180484,reject,0.3
20260212T144942,genuine,15,15,197.845,3.445,20.297,0.979,24.761,0.575175,accept,0.3
20260212T144942,impostor,23,15,197.845,3.408,20.108,0.977,24.545,0.123914,reject,0.3
20260212T144942,genuine,16,16,177.308,4.236,27.347,1.604,33.257,0.913332,accept,0.3
20260212T144942,impostor,7,16,177.308,4.275,37.898,1.804,44.045,0.152847,reject,0.3
20260212T144942,genuine,16,16,177.691,3.393,21.009,1.029,25.484,0.779827,accept,0.3
20260212T144942,impostor,2,16,177.691,3.914,20.954,1.024,25.950,0.17772,reject,0.3
20260212T144942,genuine,16,16,150.669,3.964,23.572,0.970,28.560,0.77419,accept,0.3
20260212T144942,impostor,38,16,150.669,3.325,20.461,0.985,24.835,0.114617,reject,0.3
20260212T144942,genuine,16,16,170.737,3.577,20.618,0.998,25.259,0.885968,accept,0.3
20260212T144942,impostor,1,16,170.737,3.993,21.173,0.983,26.205,0.0749767,reject,0.3
20260212T144942,genuine,16,16,180.100,5.587,28.158,1.255,35.060,0.702282,accept,0.3
20260212T144942,impostor,12,16,180.100,4.160,22.821,1.027,28.067,0.115694,reject,0.3
20260212T144942,genuine,16,16,193.591,4.046,21.204,0.959,26.278,0.617261,accept,0.3
20260212T144942,impostor,11,16,193.591,3.436,21.500,0.962,25.955,-0.00135048,reject,0.3
20260212T144942,genuine,16,16,196.368,4.020,21.948,0.997,27.032,0.710881,accept,0.3
20260212T144942,impostor,7,16,196.368,3.590,20.648,0.996,25.301,0.189395,reject,0.3
20260212T144942,genuine,16,16,193.831,3.440,20.435,0.983,24.918,0.77465,accept,0.3
20260212T144942,impostor,30,16,193.831,3.540,20.389,0.964,24.947,0.103252,reject,0.3
20260212T144942,genuine,16,16,182.247,4.231,20.473,0.990,25.744,0.691842,accept,0.3
20260212T144942,impostor,13,16,182.247,3.500,21.333,1.123,26.012,-0.133706,reject,0.3
20260212T144942,genuine,17,17,199.364,4.753,25.399,1.401,31.610,0.783516,accept,0.3
20260212T144942,impostor,3,17,199.364,3.372,20.160,0.976,24.551,0.128109,reject,0.3
20260212T144942,genuine,17,17,173.089,4.495,24.122,1.139,29.790,0.641919,accept,0.3
20260212T144942,impostor,1,17,173.089,3.656,24.187,1.145,29.028,0.112234,reject,0.3
20260212T144942,genuine,17,17,168.577,4.019,24.337,1.158,29.554,0.652058,accept,0.3
20260212T144942,impostor,34,17,168.577,3.568,24.557,1.189,29.353,0.227815,reject,0.3
20260212T144942,genuine,17,17,150.601,4.029,40.718,1.937,46.739,0.530013,accept,0.3
20260212T144942,impostor,27,17,150.601,5.002,25.072,1.212,31.352,0.139808,reject,0.3
20260212T144942,genuine,17,17,210.912,3.589,21.000,1.070,25.713,0.688791,accept,0.3
20260212T144942,impostor,39,17,210.912,3.788,21.178,0.995,26.019,0.146212,reject,0.3
20260212T144942,genuine,17,17,193.848,3.603,20.815,1.020,25.494,0.75909,accept,0.3
20260212T144942,impostor,6,17,193.848,3.678,21.393,0.983,26.104,0.0991248,reject,0.3
20260212T144942,genuine,17,17,186.815,3.848,24.336,1.023,29.260,0.679166,accept,0.3
20260212T144942,impostor,16,17,186.815,4.202,21.106,0.974,26.346,0.105318,reject,0.3
20260212T144942,genuine,17,17,202.512,3.590,35.106,1.545,40.305,0.769305,accept,0.3
20260212T144942,impostor,4,17,202.512,5.403,28.473,0.990,34.921,0.180518,reject,0.3
20260212T144942,genuine,17,17,208.109,3.751,24.149,1.374,29.329,0.677296,accept,0.3
20260212T144942,impostor,14,17,208.109,3.668,23.731,0.981,28.432,0.145123,reject,0.3
20260212T144942,genuine,18,18,199.413,3.769,22.764,0.999,27.584,0.877855,accept,0.3
20260212T144942,impostor,4,18,199.413,4.565,21.777,1.171,27.556,0.241265,reject,0.3
20260212T144942,genuine,18,18,187.120,4.445,21.377,1.023,26.896,0.798618,accept,0.3
20260212T144942,impostor,19,18,187.120,4.030,21.414,0.980,26.477,0.0701402,reject,0.3
20260212T144942,genuine,18,18,177.494,3.677,22.021,1.027,26.760,0.729841,accept,0.3
20260212T144942,impostor,22,18,177.494,3.738,21.728,0.945,26.444,0.266302,reject,0.3
20260212T144942,genuine,18,18,177.913,3.696,21.344,1.207,26.309,0.705829,accept,0.3
20260212T144942,impostor,27,18,177.913,3.806,21.752,0.988,26.589,-0.0433649,reject,0.3
20260212T144942,genuine,18,18,191.298,4.173,21.149,1.151,26.517,0.662508,accept,0.3
20260212T144942,impostor,11,18,191.298,3.138,26.576,1.609,31.392,0.120016,reject,0.3
20260212T144942,genuine,18,18,184.986,3.881,22.248,1.197,27.378,0.499279,accept,0.3
20260212T144942,impostor,3,18,184.986,4.628,21.067,1.002,26.751,0.0922041,reject,0.3
20260212T144942,genuine,18,18,196.475,3.837,23.733,0.996,28.620,0.546555,accept,0.3
20260212T144942,impostor,32,18,196.475,4.279,23.656,1.539,29.552,0.154732,reject,0.3
20260212T144942,genuine,18,18,190.676,3.478,20.716,1.232,25.479,0.548449,accept,0.3
20260212T144942,impostor,29,18,190.676,3.625,22.495,0.982,27.155,0.207592,reject,0.3
20260212T144942,genuine,18,18,194.714,4.102,21.267,1.011,26.445,0.746952,accept,0.3
20260212T144942,impostor,2,18,194.714,4.543,20.716,1.285,26.610,0.212724,reject,0.3
20260212T144942,genuine,19,19,210.828,3.727,21.206,1.004,25.988,0.792086,accept,0.3
20260212T144942,impostor,38,19,210.828,3.334,20.301,0.979,24.664,0.0665975,reject,0.3
20260212T144942,genuine,19,19,191.681,4.842,22.097,0.971,27.962,0.534349,accept,0.3
20260212T144942,impostor,6,19,191.681,3.680,20.928,0.990,25.652,0.0865582,reject,0.3
20260212T144942,genuine,19,19,218.033,3.570,20.637,0.952,25.205,0.358048,accept,0.3
20260212T144942,impostor,25,19,218.033,21.992,20.151,0.944,43.138,0.0666404,reject,0.3
20260212T144942,genuine,19,19,230.868,5.052,20.178,0.966,26.250,0.623161,accept,0.3
20260212T144942,impostor,12,19,230.868,3.578,20.108,1.009,24.744,0.133916,reject,0.3
20260212T144942,genuine,19,19,179.758,3.765,21.928,0.976,26.722,0.353277,accept,0.3
20260212T144942,impostor,16,19,179.758,4.197,20.978,0.959,26.179,0.174694,reject,0.3
20260212T144942,genuine,19,19,195.160,3.832,22.684,0.974,27.541,0.491488,accept,0.3
20260212T144942,impostor,22,19,195.160,3.512,21.362,1.218,26.141,0.124649,reject,0.3
20260212T144942,genuine,19,19,199.192,3.569,22.773,0.977,27.371,0.534581,accept,0.3
20260212T144942,impostor,30,19,199.192,3.798,22.721,1.056,27.642,0.0532095,reject,0.3
20260212T144942,genuine,19,19,190.722,4.674,36.022,1.906,42.658,0.449652,accept,0.3
20260212T144942,impostor,36,19,190.722,5.740,20.626,1.003,27.416,0.129337,reject,0.3
20260212T144942,genuine,19,19,188.670,3.785,20.666,1.061,25.570,0.371291,accept,0.3
20260212T144942,impostor,10,19,188.670,3.961,20.225,1.084,25.321,0.192639,reject,0.3
20260212T144942,genuine,20,20,193.564,4.105,21.589,1.022,26.769,0.851442,accept,0.3
20260212T144942,impostor,13,20,193.564,3.858,20.222,0.946,25.074,0.175665,reject,0.3
20260212T144942,genuine,20,20,187.973,3.720,21.473,0.978,26.227,0.787502,accept,0.3
20260212T144942,impostor,3,20,187.973,3.616,20.489,0.978,25.133,0.33558,accept,0.3
20260212T144942,genuine,20,20,183.231,3.566,20.912,0.993,25.521,0.599912,accept,0.3
20260212T144942,impostor,10,20,183.231,3.835,20.785,0.980,25.652,0.150255,reject,0.3
20260212T144942,genuine,20,20,167.737,3.451,20.281,0.964,24.745,0.656692,accept,0.3
20260212T144942,impostor,10,20,167.737,3.478,20.025,1.006,24.561,0.141407,reject,0.3
20260212T144942,genuine,20,20,184.443,4.513,22.774,1.000,28.339,0.600419,accept,0.3
20260212T144942,impostor,21,20,184.443,3.696,21.379,0.969,26.096,0.0958999,reject,0.3
20260212T144942,genuine,20,20,159.524,3.931,20.859,1.116,25.962,0.611843,accept,0.3
20260212T144942,impostor,33,20,159.524,3.438,20.787,1.007,25.292,0.030016,reject,0.3
20260212T144942,genuine,20,20,163.177,3.740,22.727,0.988,27.504,0.5824,accept,0.3
20260212T144942,impostor,16,20,163.177,3.980,20.804,1.063,25.896,0.0743517,reject,0.3
20260212T144942,genuine,20,20,162.237,3.933,21.168,0.958,26.108,0.654676,accept,0.3
20260212T144942,impostor,7,20,162.237,3.674,22.030,1.151,26.908,0.194699,reject,0.3
20260212T144942,genuine,20,20,170.517,3.766,24.772,1.649,30.250,0.574724,accept,0.3
20260212T144942,impostor,38,20,170.517,4.977,22.862,1.183,29.076,0.105044,reject,0.3
20260212T144942,genuine,21,21,160.787,3.870,21.972,1.682,27.563,0.669659,accept,0.3
20260212T144942,impostor,28,21,160.787,4.016,23.243,0.976,28.287,0.0309368,reject,0.3
20260212T144942,genuine,21,21,191.369,4.050,20.388,0.992,25.480,0.725101,accept,0.3
20260212T144942,impostor,11,21,191.369,4.621,20.358,1.020,26.048,0.278184,reject,0.3
20260212T144942,genuine,21,21,156.376,3.477,20.275,0.978,24.782,0.750071,accept,0.3
20260212T144942,impostor,0,21,156.376,3.692,23.835,1.163,28.741,0.0359035,reject,0.3
20260212T144942,genuine,21,21,170.441,4.174,25.037,1.620,30.906,0.494605,accept,0.3
20260212T144942,impostor,30,21,170.441,5.142,23.538,1.082,29.816,0.163602,reject,0.3
20260212T144942,genuine,21,21,187.120,4.517,24.055,1.137,29.765,0.638879,accept,0.3
20260212T144942,impostor,26,21,187.120,3.648,20.722,0.985,25.407,0.114317,reject,0.3
20260212T144942,genuine,21,21,182.454,29.198,24.729,0.968,54.948,0.596813,accept,0.3
20260212T144942,impostor,36,21,182.454,4.228,20.184,0.973,25.447,0.113574,reject,0.3
20260212T144942,genuine,21,21,161.672,3.458,22.238,0.960,26.704,0.591324,accept,0.3
20260212T144942,impostor,32,21,161.672,3.298,21.172,0.985,25.516,0.182019,reject,0.3
20260212T144942,genuine,21,21,139.155,4.207,22.100,1.007,27.375,0.550479,accept,0.3
20260212T144942,impostor,19,21,139.155,3.451,21.092,0.982,25.578,0.124252,reject,0.3
20260212T144942,genuine,21,21,173.410,4.762,21.348,1.030,27.208,0.539339,accept,0.3
20260212T144942,impostor,22,21,173.410,3.659,21.399,1.023,26.133,0.135539,reject,0.3
20260212T144942,genuine,22,22,188.398,3.545,21.519,0.973,26.096,0.79118,accept,0.3
20260212T144942,impostor,24,22,188.398,3.167,21.635,1.019,25.874,0.127091,reject,0.3
20260212T144942,genuine,22,22,167.503,3.683,21.718,1.001,26.451,0.583216,accept,0.3
20260212T144942,impostor,16,22,167.503,3.544,21.643,0.998,26.251,0.08631,reject,0.3
20260212T144942,genuine,22,22,188.044,4.215,22.259,1.035,27.573,0.567978,accept,0.3
20260212T144942,impostor,9,22,188.044,4.029,21.010,1.006,26.100,0.0874067,reject,0.3
20260212T144942,genuine,22,22,196.737,3.550,20.812,1.077,25.491,0.541082,accept,0.3
20260212T144942,impostor,35,22,196.737,6.185,22.157,0.990,29.385,0.161452,reject,0.3
20260212T144942,genuine,22,22,180.335,3.861,21.894,1.041,26.847,0.551196,accept,0.3
20260212T144942,impostor,0,22,180.335,4.720,21.544,1.014,27.331,0.154627,reject,0.3
20260212T144942,genuine,22,22,184.279,3.906,21.995,1.092,27.046,0.5871,accept,0.3
20260212T144942,impostor,29,22,184.279,3.441,20.904,0.990,25.389,0.0932095,reject,0.3
20260212T144942,genuine,22,22,176.914,4.105,23.702,0.999,28.859,0.760484,accept,0.3
20260212T144942,impostor,5,22,176.914,3.430,21.901,0.984,26.369,0.332351,accept,0.3
20260212T144942,genuine,22,22,189.664,4.976,23.547,0.969,29.543,0.671621,accept,0.3
20260212T144942,impostor,21,22,189.664,3.383,20.203,0.964,24.601,0.156055,reject,0.3
20260212T144942,genuine,22,22,215.302,4.270,21.025,1.068,26.422,0.8072,accept,0.3
20260212T144942,impostor,2,22,215.302,4.265,20.967,1.028,26.310,0.276869,reject,0.3
20260212T144942,genuine,23,23,195.139,3.923,20.163,0.976,25.108,0.930216,accept,0.3
20260212T144942,impostor,34,23,195.139,3.141,19.727,0.929,23.835,0.0812154,reject,0.3
20260212T144942,genuine,23,23,187.915,4.478,21.778,0.978,27.289,0.723313,accept,0.3
20260212T144942,impostor,17,23,187.915,3.894,20.594,0.999,25.544,-0.0361353,reject,0.3
20260212T144942,genuine,23,23,186.615,3.567,20.408,0.965,24.988,0.692836,accept,0.3
20260212T144942,impostor,8,23,186.615,3.740,21.591,0.973,26.349,0.0676816,reject,0.3
20260212T144942,genuine,23,23,168.914,3.570,20.706,1.085,25.410,0.599366,accept,0.3
20260212T144942,impostor,15,23,168.914,3.802,23.778,0.978,28.607,0.123097,reject,0.3
20260212T144942,genuine,23,23,166.905,3.970,20.611,0.967,25.594,0.850172,accept,0.3
20260212T144942,impostor,30,23,166.905,4.158,21.182,1.009,26.397,0.141936,reject,0.3
20260212T144942,genuine,23,23,185.458,3.503,25.532,1.152,30.226,0.865443,accept,0.3
20260212T144942,impostor,22,23,185.458,3.695,23.842,1.153,28.728,0.275555,reject,0.3
20260212T144942,genuine,23,23,156.898,3.504,26.990,1.144,31.677,0.637286,accept,0.3
20260212T144942,impostor,39,23,156.898,3.676,24.164,1.235,29.125,-0.0792983,reject,0.3
20260212T144942,genuine,23,23,176.285,3.821,24.081,1.041,29.002,0.765468,accept,0.3
20260212T144942,impostor,18,23,176.285,4.291,21.042,0.954,26.336,0.136029,reject,0.3
20260212T144942,genuine,23,23,184.450,3.970,21.556,1.609,27.194,0.751464,accept,0.3
20260212T144942,impostor,22,23,184.450,4.340,21.590,1.008,26.986,0.262397,reject,0.3
20260212T144942,genuine,24,24,175.230,4.377,24.120,1.251,29.795,0.692576,accept,0.3
20260212T144942,impostor,37,24,175.230,3.994,25.278,1.983,31.298,0.0251539,reject,0.3
20260212T144942,genuine,24,24,187.866,4.577,24.589,0.979,30.193,0.951996,accept,0.3
20260212T144942,impostor,39,24,187.866,4.032,21.321,0.955,26.365,0.146912,reject,0.3
20260212T144942,genuine,24,24,214.040,3.321,19.817,0.967,24.149,0.645119,accept,0.3
20260212T144942,impostor,8,24,214.040,3.073,20.017,1.000,24.127,0.0040862,reject,0.3
20260212T144942,genuine,24,24,164.549,3.195,20.518,0.930,24.685,0.722009,accept,0.3
20260212T144942,impostor,19,24,164.549,3.076,20.614,0.952,24.688,0.0886698,reject,0.3
20260212T144942,genuine,24,24,175.750,3.299,20.934,1.250,25.543,0.803379,accept,0.3
20260212T144942,impostor,26,24,175.750,3.758,21.284,1.014,26.103,0.0490261,reject,0.3
20260212T144942,genuine,24,24,193.016,3.289,20.381,1.051,24.786,0.954986,accept,0.3
20260212T144942,impostor,5,24,193.016,3.322,20.372,1.010,24.753,0.0591633,reject,0.3
20260212T144942,genuine,24,24,200.291,3.923,22.266,1.038,27.274,0.737534,accept,0.3
20260212T144942,impostor,0,24,200.291,3.357,20.593,0.972,24.971,-0.0241949,reject,0.3
20260212T144942,genuine,24,24,150.491,5.154,22.629,0.986,28.848,0.804588,accept,0.3
20260212T144942,impostor,38,24,150.491,3.754,25.185,1.105,30.093,0.0226169,reject,0.3
20260212T144942,genuine,24,24,180.951,3.327,20.595,0.983,24.957,0.919855,accept,0.3
20260212T144942,impostor,12,24,180.951,3.344,20.748,0.957,25.097,0.0603384,reject,0.3
20260212T144942,genuine,25,25,148.587,3.926,21.423,0.961,26.357,0.802869,accept,0.3
20260212T144942,impostor,21,25,148.587,3.406,21.723,1.155,26.327,0.114027,reject,0.3
20260212T144942,genuine,25,25,153.675,3.484,20.185,0.944,24.656,0.618187,accept,0.3
20260212T144942,impostor,10,25,153.675,3.137,20.468,0.956,24.608,0.240643,reject,0.3
20260212T144942,genuine,25,25,159.771,3.877,20.776,0.963,25.663,0.693812,accept,0.3
20260212T144942,impostor,15,25,159.771,3.349,20.268,1.025,24.688,0.0656798,reject,0.3
20260212T144942,genuine,25,25,148.810,3.628,21.320,0.964,25.961,0.535364,accept,0.3
20260212T144942,impostor,14,25,148.810,3.491,20.217,1.040,24.796,0.274598,reject,0.3
20260212T144942,genuine,25,25,154.360,3.513,21.709,1.000,26.274,0.513135,accept,0.3
20260212T144942,impostor,28,25,154.360,4.280,29.334,1.151,34.803,0.0781701,reject,0.3
20260212T144942,genuine,25,25,200.612,3.771,25.221,1.302,30.333,0.597187,accept,0.3
20260212T144942,impostor,24,25,200.612,3.420,24.019,1.220,28.692,0.0374947,reject,0.3
20260212T144942,genuine,25,25,197.164,3.735,25.071,1.138,29.982,0.621581,accept,0.3
20260212T144942,impostor,36,25,197.164,4.595,25.910,1.135,31.677,0.432682,accept,0.3
20260212T144942,genuine,25,25,191.597,3.744,29.200,1.255,34.238,0.708996,accept,0.3
20260212T144942,impostor,26,25,191.597,4.377,25.729,1.140,31.287,0.0907098,reject,0.3
20260212T144942,genuine,25,25,202.269,3.702,22.856,1.238,27.847,0.396771,accept,0.3
20260212T144942,impostor,2,25,202.269,4.291,22.240,1.001,27.582,0.0873862,reject,0.3
20260212T144942,genuine,26,26,168.125,4.222,21.518,1.009,26.800,0.743058,accept,0.3
20260212T144942,impostor,25,26,168.125,4.136,21.057,0.979,26.224,0.144242,reject,0.3
20260212T144942,genuine,26,26,210.919,5.136,28.919,1.149,35.242,0.780873,accept,0.3
20260212T144942,impostor,36,26,210.919,4.539,25.179,1.000,30.778,0.0405697,reject,0.3
20260212T144942,genuine,26,26,184.396,3.328,23.391,1.030,27.799,0.856549,accept,0.3
20260212T144942,impostor,2,26,184.396,3.587,22.222,0.999,26.869,0.216998,reject,0.3
20260212T144942,genuine,26,26,164.268,18.817,24.745,1.517,45.136,0.786388,accept,0.3
20260212T144942,impostor,10,26,164.268,4.454,20.736,0.967,26.205,0.178858,reject,0.3
20260212T144942,genuine,26,26,169.455,3.699,21.250,0.990,25.990,0.730066,accept,0.3
20260212T144942,impostor,28,26,169.455,3.436,20.833,1.042,25.361,0.135831,reject,0.3
20260212T144942,genuine,26,26,170.170,4.248,20.294,1.025,25.611,0.757987,accept,0.3
20260212T144942,impostor,4,26,170.170,3.340,20.547,0.955,24.889,0.128599,reject,0.3
20260212T144942,genuine,26,26,173.602,3.375,22.198,1.126,26.747,0.918867,accept,0.3
20260212T144942,impostor,16,26,173.602,3.962,23.365,1.456,28.833,-0.133788,reject,0.3
20260212T144942,genuine,26,26,163.903,3.964,20.458,0.971,25.439,0.663219,accept,0.3
20260212T144942,impostor,10,26,163.903,3.499,21.372,0.971,25.888,0.178988,reject,0.3
20260212T144942,genuine,26,26,164.850,3.608,21.366,1.414,26.438,0.792033,accept,0.3
20260212T144942,impostor,28,26,164.850,3.718,21.471,1.019,26.273,0.137824,reject,0.3
20260212T144942,genuine,27,27,160.585,3.763,21.311,0.963,26.078,0.559621,accept,0.3
20260212T144942,impostor,33,27,160.585,4.185,21.163,1.004,26.401,0.148083,reject,0.3
20260212T144942,genuine,27,27,192.412,4.799,22.059,1.036,27.945,0.87077,accept,0.3
20260212T144942,impostor,31,27,192.412,3.374,21.544,0.974,25.943,0.111148,reject,0.3
20260212T144942,genuine,27,27,200.466,4.068,24.968,0.987,30.073,0.658561,accept,0.3
20260212T144942,impostor,35,27,200.466,4.374,23.235,1.449,29.115,0.145239,reject,0.3
20260212T144942,genuine,27,27,209.364,3.580,23.936,1.151,28.707,0.581909,accept,0.3
20260212T144942,impostor,38,27,209.364,3.767,26.426,2.126,32.372,0.017272,reject,0.3
20260212T144942,genuine,27,27,142.659,4.250,24.777,1.117,30.181,0.977515,accept,0.3
20260212T144942,impostor,0,27,142.659,3.602,24.695,1.412,29.747,0.0364779,reject,0.3
20260212T144942,genuine,27,27,160.961,3.722,25.119,1.224,30.115,0.627631,accept,0.3
20260212T144942,impostor,2,27,160.961,3.405,24.163,1.166,28.771,0.104479,reject,0.3
20260212T144942,genuine,27,27,167.256,3.813,25.313,1.148,30.320,0.867144,accept,0.3
20260212T144942,impostor,31,27,167.256,3.576,26.171,1.036,30.832,0.0378723,reject,0.3
20260212T144942,genuine,27,27,189.840,4.124,25.536,1.054,30.768,0.56666,accept,0.3
20260212T144942,impostor,20,27,189.840,3.860,22.641,1.001,27.562,0.174529,reject,0.3
20260212T144942,genuine,27,27,190.154,3.828,22.330,1.006,27.217,0.779182,accept,0.3
20260212T144942,impostor,19,27,190.154,4.043,23.341,1.114,28.535,0.175733,reject,0.3
20260212T144942,genuine,28,28,181.679,4.412,28.510,1.275,34.237,0.864416,accept,0.3
20260212T144942,impostor,29,28,181.679,3.840,25.407,1.112,30.396,0.121916,reject,0.3
20260212T144942,genuine,28,28,188.983,3.757,25.070,1.169,30.035,0.832219,accept,0.3
20260212T144942,impostor,3,28,188.983,3.623,25.133,1.149,29.944,0.250658,reject,0.3
20260212T144942,genuine,28,28,190.280,4.173,25.089,1.131,30.430,0.719566,accept,0.3
20260212T144942,impostor,26,28,190.280,3.913,23.795,1.165,28.908,0.215009,reject,0.3
20260212T144942,genuine,28,28,164.556,3.393,20.774,0.956,25.164,0.599157,accept,0.3
20260212T144942,impostor,12,28,164.556,3.351,21.037,1.013,25.450,-0.02935,reject,0.3
20260212T144942,genuine,28,28,170.963,3.795,23.736,1.128,28.701,0.618961,accept,0.3
20260212T144942,impostor,35,28,170.963,4.123,25.297,1.162,30.627,0.0118082,reject,0.3
20260212T144942,genuine,28,28,166.610,3.900,24.828,1.144,29.914,0.679139,accept,0.3
20260212T144942,impostor,5,28,166.610,3.943,24.841,1.174,30.002,0.0880783,reject,0.3
20260212T144942,genuine,28,28,204.715,3.873,20.753,1.115,25.796,0.664842,accept,0.3
20260212T144942,impostor,8,28,204.715,3.723,21.522,0.981,26.277,-0.00616089,reject,0.3
20260212T144942,genuine,28,28,175.430,4.241,21.692,0.999,26.983,0.696319,accept,0.3
20260212T144942,impostor,0,28,175.430,3.669,21.534,0.980,26.223,-0.0136432,reject,0.3
20260212T144942,genuine,28,28,180.433,3.362,21.982,1.043,26.449,0.814387,accept,0.3
20260212T144942,impostor,25,28,180.433,4.072,24.661,1.045,29.833,0.0935259,reject,0.3
20260212T144942,genuine,29,29,181.107,3.650,21.379,1.239,26.323,0.769889,accept,0.3
20260212T144942,impostor,26,29,181.107,3.840,20.932,0.989,25.813,0.233926,reject,0.3
20260212T144942,genuine,29,29,174.521,3.921,27.195,1.609,32.812,0.79228,accept,0.3
20260212T144942,impostor,20,29,174.521,4.694,20.964,0.986,26.694,0.233444,reject,0.3
20260212T144942,genuine,29,29,164.197,3.782,20.607,0.998,25.440,0.665696,accept,0.3
20260212T144942,impostor,0,29,164.197,3.334,24.046,1.474,29.828,-0.00195968,reject,0.3
20260212T144942,genuine,29,29,187.008,3.572,21.157,0.961,25.740,0.685416,accept,0.3
20260212T144942,impostor,13,29,187.008,3.607,21.208,1.044,25.914,0.155281,reject,0.3
20260212T144942,genuine,29,29,141.396,3.668,20.592,0.997,25.327,0.636291,accept,0.3
20260212T144942,impostor,0,29,141.396,4.187,20.502,1.046,25.787,0.0449005,reject,0.3
20260212T144942,genuine,29,29,195.077,3.686,21.677,0.976,26.392,0.747231,accept,0.3
20260212T144942,impostor,0,29,195.077,3.543,22.704,1.179,27.503,0.0507842,reject,0.3
20260212T144942,genuine,29,29,199.093,3.617,21.010,1.081,25.762,0.703813,accept,0.3
20260212T144942,impostor,33,29,199.093,3.551,20.726,1.049,25.378,0.164338,reject,0.3
20260212T144942,genuine,29,29,150.401,3.723,21.736,0.985,26.497,0.740651,accept,0.3
20260212T144942,impostor,39,29,150.401,4.006,21.449,0.990,26.497,0.183465,reject,0.3
20260212T144942,genuine,29,29,170.569,4.408,21.097,1.052,26.609,0.658253,accept,0.3
20260212T144942,impostor,6,29,170.569,3.572,21.112,1.032,25.773,0.305822,accept,0.3
20260212T144942,genuine,30,30,171.467,4.341,22.325,1.018,27.739,0.316489,accept,0.3
20260212T144942,impostor,12,30,171.467,4.502,23.951,1.019,29.556,-0.0488439,reject,0.3
20260212T144942,genuine,30,30,193.470,4.530,21.788,1.156,27.546,0.294539,reject,0.3
20260212T144942,impostor,7,30,193.470,3.666,21.173,1.136,26.026,0.00362552,reject,0.3
20260212T144942,genuine,30,30,168.684,4.943,22.130,1.015,28.140,0.277007,reject,0.3
20260212T144942,impostor,38,30,168.684,4.084,22.709,1.072,27.919,-0.0521448,reject,0.3
20260212T144942,genuine,30,30,181.375,3.560,20.439,0.979,25.030,0.284232,reject,0.3
20260212T144942,impostor,12,30,181.375,3.646,21.015,1.050,25.760,-0.11198,reject,0.3
20260212T144942,genuine,30,30,169.398,4.089,21.139,1.012,26.291,0.873907,accept,0.3
20260212T144942,impostor,19,30,169.398,3.666,20.417,1.000,25.149,0.222848,reject,0.3
20260212T144942,genuine,30,30,158.214,4.174,20.203,0.984,25.403,0.777526,accept,0.3
20260212T144942,impostor,17,30,158.214,3.609,20.565,1.029,25.266,0.0880415,reject,0.3
20260212T144942,genuine,30,30,158.404,4.151,21.261,1.312,26.776,0.978408,accept,0.3
20260212T144942,impostor,11,30,158.404,4.561,23.608,1.552,29.782,0.201447,reject,0.3
20260212T144942,genuine,30,30,179.135,4.524,23.893,1.006,29.479,0.843488,accept,0.3
20260212T144942,impostor,6,30,179.135,4.070,21.029,0.973,26.130,0.130136,reject,0.3
20260212T144942,genuine,30,30,178.688,5.345,25.385,1.054,31.868,0.270824,reject,0.3
20260212T144942,impostor,25,30,178.688,4.308,21.825,1.093,27.281,0.166004,reject,0.3
20260212T144942,genuine,31,31,177.861,5.359,36.661,1.799,43.909,0.632526,accept,0.3
20260212T144942,impostor,5,31,177.861,5.816,20.990,1.058,27.917,0.165296,reject,0.3
20260212T144942,genuine,31,31,193.571,4.618,21.444,0.994,27.112,0.592692,accept,0.3
20260212T144942,impostor,1,31,193.571,4.296,21.019,1.200,26.571,0.222907,reject,0.3
20260212T144942,genuine,31,31,199.420,5.499,24.178,1.036,30.768,0.564483,accept,0.3
20260212T144942,impostor,17,31,199.420,4.462,22.456,0.972,27.944,0.0981,reject,0.3
20260212T144942,genuine,31,31,205.309,5.405,31.546,1.131,38.126,0.4314,accept,0.3
20260212T144942,impostor,28,31,205.309,14.139,28.975,1.182,44.336,0.0591039,reject,0.3
20260212T144942,genuine,31,31,204.521,4.954,25.960,1.297,32.280,0.759562,accept,0.3
20260212T144942,impostor,7,31,204.521,3.530,23.228,0.971,27.776,0.278332,reject,0.3
20260212T144942,genuine,31,31,179.541,4.274,20.798,1.094,26.214,0.422657,accept,0.3
20260212T144942,impostor,16,31,179.541,4.026,22.304,1.018,27.399,0.206193,reject,0.3
20260212T144942,genuine,31,31,154.037,4.364,24.647,1.558,30.629,0.466237,accept,0.3
20260212T144942,impostor,8,31,154.037,4.513,22.045,0.972,27.583,-0.0155781,reject,0.3
20260212T144942,genuine,31,31,182.753,5.058,25.177,1.071,31.357,0.59348,accept,0.3
20260212T144942,impostor,33,31,182.753,4.192,22.213,0.967,27.442,0.249662,reject,0.3
20260212T144942,genuine,31,31,194.079,5.791,35.760,1.582,43.194,0.749554,accept,0.3
20260212T144942,impostor,22,31,194.079,5.885,35.236,1.496,42.681,0.0709212,reject,0.3
20260212T144942,genuine,32,32,181.908,4.705,21.631,1.057,27.444,0.764943,accept,0.3
20260212T144942,impostor,7,32,181.908,4.142,21.557,0.994,26.744,0.142934,reject,0.3
20260212T144942,genuine,32,32,182.037,4.389,23.728,1.000,29.166,0.564012,accept,0.3
20260212T144942,impostor,9,32,182.037,3.351,20.510,1.011,24.928,0.150474,reject,0.3
20260212T144942,genuine,32,32,179.744,4.207,23.814,0.985,29.065,0.409085,accept,0.3
20260212T144942,impostor,17,32,179.744,3.815,20.692,0.961,25.516,0.116632,reject,0.3
20260212T144942,genuine,32,32,178.681,5.558,23.838,0.972,30.418,0.511781,accept,0.3
20260212T144942,impostor,1,32,178.681,4.030,20.962,1.237,26.278,0.243931,reject,0.3
20260212T144942,genuine,32,32,174.433,4.101,23.410,1.069,28.637,0.324764,accept,0.3
20260212T144942,impostor,2,32,174.433,4.323,20.442,0.981,25.804,0.0928778,reject,0.3
20260212T144942,genuine,32,32,190.194,4.189,25.182,0.946,30.362,0.572405,accept,0.3
20260212T144942,impostor,2,32,190.194,3.303,21.447,1.123,25.912,0.0935214,reject,0.3
20260212T144942,genuine,32,32,202.536,4.200,23.661,1.269,29.181,0.35295,accept,0.3
20260212T144942,impostor,13,32,202.536,3.701,20.146,0.973,24.859,0.0911903,reject,0.3
20260212T144942,genuine,32,32,182.638,4.497,27.062,1.767,33.376,0.500746,accept,0.3
20260212T144942,impostor,16,32,182.638,4.511,23.032,1.033,28.616,0.0895908,reject,0.3
20260212T144942,genuine,32,32,182.903,3.913,24.681,1.218,29.873,0.597304,accept,0.3
20260212T144942,impostor,35,32,182.903,5.015,30.516,2.079,37.674,0.14722,reject,0.3
20260212T144942,genuine,33,33,199.992,5.826,29.135,1.131,36.133,0.890649,accept,0.3
20260212T144942,impostor,20,33,199.992,4.331,24.649,1.493,30.514,0.0605977,reject,0.3
20260212T144942,genuine,33,33,211.507,3.673,23.382,1.169,28.256,0.86033,accept,0.3
20260212T144942,impostor,23,33,211.507,3.391,23.531,1.127,28.083,0.148134,reject,0.3
20260212T144942,genuine,33,33,165.069,3.502,20.532,0.967,25.042,0.838897,accept,0.3
20260212T144942,impostor,36,33,165.069,3.218,19.728,0.962,23.955,0.0232612,reject,0.3
20260212T144942,genuine,33,33,164.904,4.900,38.510,1.755,45.229,0.759919,accept,0.3
20260212T144942,impostor,2,33,164.904,4.688,24.563,0.963,30.265,0.0681611,reject,0.3
20260212T144942,genuine,33,33,183.843,4.141,21.893,1.065,27.148,0.858943,accept,0.3
20260212T144942,impostor,38,33,183.843,5.648,20.526,0.941,27.161,0.122383,reject,0.3
20260212T144942,genuine,33,33,192.593,3.669,23.538,0.958,28.212,0.728277,accept,0.3
20260212T144942,impostor,31,33,192.593,3.899,20.482,1.011,25.448,0.219407,reject,0.3
20260212T144942,genuine,33,33,175.026,3.784,20.719,1.014,25.565,0.670303,accept,0.3
20260212T144942,impostor,29,33,175.026,3.204,20.239,0.995,24.487,0.134746,reject,0.3
20260212T144942,genuine,33,33,169.135,3.724,20.965,1.222,25.987,0.702069,accept,0.3
20260212T144942,impostor,27,33,169.135,4.240,22.124,0.996,27.408,0.0263269,reject,0.3
20260212T144942,genuine,33,33,173.497,3.526,21.584,1.063,26.222,0.543787,accept,0.3
20260212T144942,impostor,23,33,173.497,3.372,21.705,0.985,26.098,0.155175,reject,0.3
20260212T144942,genuine,34,34,196.003,5.225,25.335,1.075,31.699,0.756685,accept,0.3
20260212T144942,impostor,11,34,196.003,17.512,20.147,0.993,38.722,0.0225172,reject,0.3
20260212T144942,genuine,34,34,191.530,4.128,21.697,1.042,26.915,0.325516,accept,0.3
20260212T144942,impostor,13,34,191.530,4.102,21.705,1.031,26.877,0.100224,reject,0.3
20260212T144942,genuine,34,34,170.875,4.530,34.242,1.580,40.418,0.602017,accept,0.3
20260212T144942,impostor,24,34,170.875,4.766,29.436,1.179,35.432,0.181595,reject,0.3
20260212T144942,genuine,34,34,177.702,4.118,21.332,1.101,26.610,0.146488,reject,0.3
20260212T144942,impostor,37,34,177.702,3.483,21.052,1.081,25.667,0.113064,reject,0.3
20260212T144942,genuine,34,34,182.505,3.728,20.901,1.006,25.868,0.27979,reject,0.3
20260212T144942,impostor,18,34,182.505,3.846,22.112,1.064,27.071,0.199418,reject,0.3
20260212T144942,genuine,34,34,169.748,3.469,21.998,0.975,26.499,0.272403,reject,0.3
20260212T144942,impostor,0,34,169.748,3.668,21.288,1.085,26.092,0.0999026,reject,0.3
20260212T144942,genuine,34,34,152.218,4.022,22.097,1.087,27.257,0.340522,accept,0.3
20260212T144942,impostor,8,34,152.218,4.095,21.352,0.971,26.466,0.125559,reject,0.3
20260212T144942,genuine,34,34,193.744,5.281,27.797,1.127,34.246,0.243477,reject,0.3
20260212T144942,impostor,9,34,193.744,4.212,25.919,1.150,31.320,-0.0183799,reject,0.3
20260212T144942,genuine,34,34,195.237,4.040,22.894,1.407,28.383,0.357904,accept,0.3
20260212T144942,impostor,17,34,195.237,4.443,21.550,0.998,27.044,0.0864581,reject,0.3
20260212T144942,genuine,35,35,133.074,3.576,21.691,1.011,26.328,0.558716,accept,0.3
20260212T144942,impostor,21,35,133.074,3.533,21.211,0.976,25.767,0.325337,accept,0.3
20260212T144942,genuine,35,35,153.336,3.571,22.771,1.335,27.724,0.60418,accept,0.3
20260212T144942,impostor,21,35,153.336,4.011,21.349,0.982,26.388,0.381695,accept,0.3
20260212T144942,genuine,35,35,182.020,3.409,21.046,1.023,25.527,0.597086,accept,0.3
20260212T144942,impostor,23,35,182.020,3.632,22.824,1.627,28.146,0.0920257,reject,0.3
20260212T144942,genuine,35,35,180.585,3.877,22.389,1.499,27.828,0.636288,accept,0.3
20260212T144942,impostor,5,35,180.585,4.606,33.991,1.227,39.876,0.145429,reject,0.3
20260212T144942,genuine,35,35,207.822,3.617,20.793,1.013,25.475,0.409541,accept,0.3
20260212T144942,impostor,21,35,207.822,3.183,20.368,1.576,25.196,0.259711,reject,0.3
20260212T144942,genuine,35,35,154.749,3.521,23.798,1.169,28.522,0.586525,accept,0.3
20260212T144942,impostor,39,35,154.749,3.972,24.083,1.166,29.260,0.141087,reject,0.3
20260212T144942,genuine,35,35,150.043,4.076,21.187,0.989,26.302,0.503006,accept,0.3
20260212T144942,impostor,2,35,150.043,4.005,25.688,1.016,30.762,0.141058,reject,0.3
20260212T144942,genuine,35,35,157.568,4.064,20.826,1.107,26.061,0.441149,accept,0.3
20260212T144942,impostor,2,35,157.568,3.352,20.750,1.131,25.306,0.122553,reject,0.3
20260212T144942,genuine,35,35,183.102,5.224,28.141,1.265,34.683,0.494224,accept,0.3
20260212T144942,impostor,17,35,183.102,3.803,21.360,0.994,26.196,0.206462,reject,0.3
20260212T144942,genuine,36,36,146.444,4.508,21.101,1.036,26.692,0.582817,accept,0.3
20260212T144942,impostor,10,36,146.444,4.351,20.784,0.944,26.123,0.129687,reject,0.3
20260212T144942,genuine,36,36,156.603,3.871,21.280,1.109,26.306,0.920651,accept,0.3
20260212T144942,impostor,9,36,156.603,3.764,21.119,0.958,25.892,-0.017112,reject,0.3
20260212T144942,genuine,36,36,168.763,3.769,20.050,0.955,24.816,0.580761,accept,0.3
20260212T144942,impostor,37,36,168.763,4.112,19.698,0.948,24.800,0.0887106,reject,0.3
20260212T144942,genuine,36,36,156.934,4.485,20.016,0.947,25.493,0.577919,accept,0.3
20260212T144942,impostor,18,36,156.934,3.418,20.343,0.982,24.791,0.223911,reject,0.3
20260212T144942,genuine,36,36,156.390,3.885,30.665,1.499,36.113,0.682503,accept,0.3
20260212T144942,impostor,23,36,156.390,4.521,32.713,1.478,38.770,0.119679,reject,0.3
20260212T144942,genuine,36,36,201.207,3.812,20.203,0.978,25.046,0.683389,accept,0.3
20260212T144942,impostor,25,36,201.207,3.385,20.143,0.977,24.557,0.470291,accept,0.3
20260212T144942,genuine,36,36,180.908,3.763,20.560,0.987,25.361,0.643999,accept,0.3
20260212T144942,impostor,35,36,180.908,3.432,22.608,1.529,27.627,0.126604,reject,0.3
20260212T144942,genuine,36,36,182.811,3.626,20.866,0.973,25.516,0.866348,accept,0.3
20260212T144942,impostor,8,36,182.811,4.138,21.031,0.975,26.193,0.094651,reject,0.3
20260212T144942,genuine,36,36,183.993,4.073,22.982,0.966,28.070,0.563702,accept,0.3
20260212T144942,impostor,18,36,183.993,3.949,20.315,0.999,25.312,0.142952,reject,0.3
20260212T144942,genuine,37,37,181.109,4.461,20.997,1.176,26.679,0.495037,accept,0.3
20260212T144942,impostor,7,37,181.109,3.707,20.476,0.945,25.170,0.211658,reject,0.3
20260212T144942,genuine,37,37,188.412,3.506,20.485,0.933,24.962,0.712031,accept,0.3
20260212T144942,impostor,30,37,188.412,3.114,20.045,1.297,24.524,0.115342,reject,0.3
20260212T144942,genuine,37,37,156.658,6.066,20.054,0.980,27.144,0.887508,accept,0.3
20260212T144942,impostor,15,37,156.658,3.745,21.094,0.957,25.830,0.0722575,reject,0.3
20260212T144942,genuine,37,37,175.376,3.476,21.055,0.977,25.557,0.752858,accept,0.3
20260212T144942,impostor,3,37,175.376,3.639,22.160,0.999,26.849,0.337549,accept,0.3
20260212T144942,genuine,37,37,139.578,3.707,21.053,1.018,25.829,0.866771,accept,0.3
20260212T144942,impostor,19,37,139.578,3.370,20.519,1.502,25.437,-0.0171393,reject,0.3
20260212T144942,genuine,37,37,148.713,3.539,20.734,1.071,25.404,0.799034,accept,0.3
20260212T144942,impostor,11,37,148.713,3.546,20.788,1.037,25.421,0.133455,reject,0.3
20260212T144942,genuine,37,37,185.699,3.597,21.968,1.068,26.685,0.880091,accept,0.3
20260212T144942,impostor,33,37,185.699,3.627,21.044,1.017,25.737,0.178132,reject,0.3
20260212T144942,genuine,37,37,196.598,3.702,24.374,1.183,29.312,0.771583,accept,0.3
20260212T144942,impostor,4,37,196.598,4.521,24.082,0.985,29.647,0.127549,reject,0.3
20260212T144942,genuine,37,37,190.626,5.225,22.931,0.978,29.190,0.805194,accept,0.3
20260212T144942,impostor,19,37,190.626,3.826,19.947,0.969,24.791,-0.0759299,reject,0.3
20260212T144942,genuine,38,38,199.669,4.926,23.351,1.014,29.342,0.746135,accept,0.3
20260212T144942,impostor,25,38,199.669,4.447,20.537,1.023,26.057,0.0784723,reject,0.3
20260212T144942,genuine,38,38,178.799,4.766,24.130,0.974,29.918,0.650829,accept,0.3
20260212T144942,impostor,21,38,178.799,3.605,19.758,0.939,24.348,0.0416426,reject,0.3
20260212T144942,genuine,38,38,177.974,5.014,23.447,0.959,29.470,0.790916,accept,0.3
20260212T144942,impostor,19,38,177.974,3.370,20.377,0.966,24.762,0.0188068,reject,0.3
20260212T144942,genuine,38,38,165.327,3.359,20.413,0.983,24.808,0.719621,accept,0.3
20260212T144942,impostor,26,38,165.327,3.437,21.513,1.006,26.009,0.00444134,reject,0.3
20260212T144942,genuine,38,38,183.965,4.527,20.885,0.988,26.446,0.642986,accept,0.3
20260212T144942,impostor,6,38,183.965,3.715,20.019,0.956,24.738,0.11865,reject,0.3
20260212T144942,genuine,38,38,172.357,3.742,21.291,1.141,26.222,0.724642,accept,0.3
20260212T144942,impostor,6,38,172.357,4.202,21.643,0.988,26.873,0.150835,reject,0.3
20260212T144942,genuine,38,38,193.865,4.396,20.670,1.020,26.136,0.745152,accept,0.3
20260212T144942,impostor,35,38,193.865,3.457,20.303,0.982,24.798,-0.0045076,reject,0.3
20260212T144942,genuine,38,38,187.392,4.313,20.508,0.949,25.825,0.794412,accept,0.3
20260212T144942,impostor,30,38,187.392,4.170,21.281,1.589,27.097,0.094678,reject,0.3
20260212T144942,genuine,38,38,160.804,3.486,22.893,0.957,27.376,0.707181,accept,0.3
20260212T144942,impostor,30,38,160.804,3.359,25.687,1.040,30.137,0.0960689,reject,0.3
20260212T144942,genuine,39,39,158.372,4.229,23.230,0.974,28.480,0.565679,accept,0.3
20260212T144942,impostor,21,39,158.372,3.608,20.745,0.975,25.374,0.182842,reject,0.3
20260212T144942,genuine,39,39,209.845,3.474,23.587,1.129,28.244,0.611578,accept,0.3
20260212T144942,impostor,21,39,209.845,4.437,21.563,1.024,27.073,0.130423,reject,0.3
20260212T144942,genuine,39,39,188.587,4.049,21.133,1.005,26.222,0.615658,accept,0.3
20260212T144942,impostor,7,39,188.587,3.387,20.230,0.926,24.578,0.114031,reject,0.3
20260212T144942,genuine,39,39,182.378,4.175,20.708,0.962,25.884,0.486273,accept,0.3
20260212T144942,impostor,30,39,182.378,3.449,21.067,0.918,25.477,0.0312685,reject,0.3
20260212T144942,genuine,39,39,178.574,3.698,24.886,1.514,30.155,0.68963,accept,0.3
20260212T144942,impostor,7,39,178.574,4.375,24.359,0.976,29.758,0.179864,reject,0.3
20260212T144942,genuine,39,39,174.878,6.015,21.622,0.966,28.651,0.444416,accept,0.3
20260212T144942,impostor,31,39,174.878,4.280,24.526,1.003,29.880,0.0626093,reject,0.3
20260212T144942,genuine,39,39,181.122,4.131,20.572,0.994,25.749,0.716814,accept,0.3
20260212T144942,impostor,27,39,181.122,3.613,22.060,1.050,26.783,0.116398,reject,0.3
20260212T144942,genuine,39,39,185.097,4.952,24.071,1.020,30.123,0.419943,accept,0.3
20260212T144942,impostor,2,39,185.097,4.240,22.094,1.064,27.452,0.240558,reject,0.3
20260212T144942,genuine,39,39,189.186,4.323,24.202,0.973,29.547,0.633483,accept,0.3
20260212T144942,impostor,19,39,189.186,3.552,20.095,0.982,24.676,0.168245,reject,0.3
